新北市,烏來區
新北市,石碇區
新北市,坪林區
新北市,平溪區
新北市,雙溪區
桃園市,復興區
新竹縣,五峰鄉
新竹縣,尖石鄉
新竹縣,關西鎮
苗栗縣,泰安鄉
苗栗縣,南庄鄉
苗栗縣,獅潭鄉
臺中市,和平區
南投縣,仁愛鄉
南投縣,信義鄉
南投縣,魚池鄉
南投縣,中寮鄉
南投縣,國姓鄉 
嘉義縣,阿里山鄉
嘉義縣,番路鄉
嘉義縣,大埔鄉 
台南市,楠西區
台南市,南化區
台南市,左鎮區
台南市,龍崎區
高雄市,那瑪夏區
高雄市,桃源區
高雄市,茂林區
高雄市,田寮區
高雄市,六龜區
高雄市,甲仙區
屏東縣,三地門鄉
屏東縣,霧台鄉
屏東縣,瑪家鄉
屏東縣,泰武鄉
屏東縣,來義鄉
屏東縣,春日鄉
屏東縣,獅子鄉
屏東縣,牡丹鄉
屏東縣,滿州鄉
屏東縣,琉球鄉
宜蘭縣,大同鄉
宜蘭縣,南澳鄉
花蓮縣,秀林鄉
花蓮縣,萬榮鄉
花蓮縣,卓溪鄉
花蓮縣,花蓮市
花蓮縣,吉安鄉
花蓮縣,新城鄉
花蓮縣,壽豐鄉
花蓮縣,鳳林鎮
花蓮縣,光復鄉
花蓮縣,豐濱鄉
花蓮縣,瑞穗鄉
花蓮縣,玉里鎮
花蓮縣,富里鄉
臺東縣,海端鄉
臺東縣,延平鄉
臺東縣,金峰鄉
臺東縣,達仁鄉
臺東縣,蘭嶼鄉
臺東縣,臺東市
臺東縣,卑南鄉
臺東縣,大武鄉
臺東縣,太麻里鄉
臺東縣,東河鄉
臺東縣,鹿野鄉
臺東縣,池上鄉
臺東縣,成功鎮
臺東縣,關山鎮
臺東縣,長濱鄉
臺東縣,綠島鄉
澎湖縣,馬公市
澎湖縣,湖西鄉
澎湖縣,白沙鄉
澎湖縣,西嶼鄉
澎湖縣,望安鄉
澎湖縣,七美鄉
金門縣,金城鎮
金門縣,金寧鄉
金門縣,金沙鎮
金門縣,烈嶼鄉
金門縣,金湖鎮
金門縣,烏坵鄉
連江縣,南竿鄉
連江縣,北竿鄉
連江縣,莒光鄉
連江縣,東引鄉
